datetime,close,high,low,open,volume
24-01-2014 00:00,114,115.35,113,113.15,5737135
27-01-2014 00:00,111.1,112.7,109.3,112,8724577
28-01-2014 00:00,113.8,115,109.75,110,4513345
29-01-2014 00:00,111.75,114.75,111.15,114.5,4713458
30-01-2014 00:00,108.1,110.7,107.6,110.2,5077231
31-01-2014 00:00,109.55,110,107,109.05,8287236
03-02-2014 00:00,103.45,109.4,103,109,5572627
04-02-2014 00:00,102.45,103.45,99.8,102,13935173
05-02-2014 00:00,104.25,105.15,101,102.4,9106760
06-02-2014 00:00,105.75,106.5,103.1,104.65,10194884
07-02-2014 00:00,106.4,107.7,104.75,106.15,9650511
10-02-2014 00:00,106.8,107.7,105.8,106.45,3124538
11-02-2014 00:00,104.55,107.1,104.25,106.9,3964390
12-02-2014 00:00,103.5,105.6,103.05,105.15,5325176
13-02-2014 00:00,100.2,104.55,99.75,103.9,12652556
14-02-2014 00:00,99.9,101,97.85,100.75,6390793
17-02-2014 00:00,98.5,100.75,97.65,100,6870442
18-02-2014 00:00,99.3,100.5,97.75,98.7,8475360
19-02-2014 00:00,98.85,100.1,98.4,99.6,4582897
20-02-2014 00:00,97.35,98.55,97.05,98.5,3404267
21-02-2014 00:00,97.65,98.25,97.3,97.3,6484994
24-02-2014 00:00,97.45,98.8,96.7,97.65,8047904
25-02-2014 00:00,98.8,99.05,97,97.15,15034041
26-02-2014 00:00,98.4,99.75,98.05,99.75,12130348
28-02-2014 00:00,105.35,106.4,99,99,26493472
03-03-2014 00:00,105.6,107.35,104.7,105,9870841
04-03-2014 00:00,113.6,114.25,105.4,105.4,16427565
05-03-2014 00:00,115.75,117.2,112.2,114.85,12023136
06-03-2014 00:00,120.8,121.2,114.7,115.75,16609108
07-03-2014 00:00,124.55,125.85,119.8,120.1,15695038
10-03-2014 00:00,121.95,123.5,121,123.05,8823020
11-03-2014 00:00,117.4,121.9,116.2,121.9,14421017
12-03-2014 00:00,114.75,118.4,113.95,115.7,9497798
13-03-2014 00:00,115.65,118.95,114.5,114.5,6402750
14-03-2014 00:00,115.2,116.1,113.5,114.7,5684021
18-03-2014 00:00,114.85,116.4,114.2,116,8034386
19-03-2014 00:00,120.05,121.1,114.05,115.25,15915307
20-03-2014 00:00,119.65,121.95,119,119.65,7021283
21-03-2014 00:00,123.5,124,119.8,120.55,10588714
22-03-2014 00:00,121.2,123.15,120.75,123.15,652207
24-03-2014 00:00,121.6,122.5,118.2,120,7514958
25-03-2014 00:00,120.75,122.65,120.25,120.95,8547719
26-03-2014 00:00,125.4,125.95,121.1,121.1,14059505
27-03-2014 00:00,125.4,126.45,124.05,125.2,6763076
28-03-2014 00:00,130.9,131.7,125,125.4,9719662
31-03-2014 00:00,141.75,142.95,131.05,132,27873616
01-04-2014 00:00,138.2,142.5,136.1,142,12584698
02-04-2014 00:00,136,139.55,134.6,139,10111996
03-04-2014 00:00,137.15,140.9,133.3,136,10256995
04-04-2014 00:00,137.65,139.4,136.1,137.9,5444146
07-04-2014 00:00,137.35,138.95,134.2,137.5,4661247
09-04-2014 00:00,142.9,143.95,137.8,138,9943888
10-04-2014 00:00,142.5,145.1,140.6,143.5,8923225
11-04-2014 00:00,140.7,143.25,139.2,141.1,5404598
15-04-2014 00:00,134.05,142.1,133.2,140.7,5422799
16-04-2014 00:00,135.45,137.85,131.6,133.3,8006291
17-04-2014 00:00,141.45,142,135,135.75,8629888
21-04-2014 00:00,143.5,144.5,141.5,141.8,4436455
22-04-2014 00:00,144.85,147.2,140.3,142,6223989
23-04-2014 00:00,145.15,146,142.8,145,5031335
25-04-2014 00:00,143.75,146.9,142.2,143.3,4116077
28-04-2014 00:00,141.25,145.3,140.8,143,4118525
29-04-2014 00:00,137.2,143,136.3,141,4775590
30-04-2014 00:00,134.3,138.85,132.05,136.65,7609347
02-05-2014 00:00,131.65,136,130.25,135.2,5364611
05-05-2014 00:00,138.9,141,129.85,130,9715098
06-05-2014 00:00,138.7,140.65,135.8,139.4,4170017
07-05-2014 00:00,135.2,138.65,134.3,138.35,3592081
08-05-2014 00:00,136.75,139.1,135,136.25,4178306
09-05-2014 00:00,144.1,144.7,136.5,136.5,7371362
12-05-2014 00:00,143.4,144.8,140.55,143.5,8081158
13-05-2014 00:00,142.2,149.8,141.2,144,16612600
14-05-2014 00:00,141.2,145.8,140.4,142.2,12157631
15-05-2014 00:00,138.5,143.45,137.1,142,6154288
16-05-2014 00:00,141.2,145.95,139.1,141.9,13107049
19-05-2014 00:00,152.05,152.95,142,142.6,13751989
20-05-2014 00:00,156.2,159,152.35,155.15,9385502
21-05-2014 00:00,159.7,163.65,152.05,156.1,13573762
22-05-2014 00:00,155.1,161.85,154,161.85,12270836
23-05-2014 00:00,152.05,156.95,149.7,156.95,19542712
26-05-2014 00:00,147.1,155.2,143.7,155,12522081
27-05-2014 00:00,149.65,150.5,141.75,147.9,13805470
28-05-2014 00:00,147.2,151.55,146.1,149.7,11376239
29-05-2014 00:00,149.3,153.2,143.1,146.5,19321960
30-05-2014 00:00,148,152.5,147,151.5,11040937
02-06-2014 00:00,150.05,151.15,146.35,147.3,13844656
03-06-2014 00:00,155.2,155.7,149.35,150.7,23276134
04-06-2014 00:00,160.7,161.75,155.2,156,15948295
05-06-2014 00:00,169.85,171,159.95,160.6,20296986
06-06-2014 00:00,169.25,172.1,165.3,172,13769155
09-06-2014 00:00,169.6,173.65,167.6,169.8,10337636
10-06-2014 00:00,169.75,173.35,162.2,169.65,13457788
11-06-2014 00:00,162.65,171.5,161,170,11473448
12-06-2014 00:00,169.25,170,162,162.8,13367632
13-06-2014 00:00,162.35,169.45,158.5,169.45,11006055
16-06-2014 00:00,161.2,168.25,158.6,161.5,10365321
17-06-2014 00:00,162.65,163.7,157,161,9823831
18-06-2014 00:00,166.8,169.6,161.35,161.35,14186255
19-06-2014 00:00,167.75,170.7,164.15,167.95,14719990
20-06-2014 00:00,163.8,169.8,163,167.9,8800606
23-06-2014 00:00,165.3,167.4,163.15,163.5,8765528
24-06-2014 00:00,166.8,168.35,165.3,166.1,6166113
25-06-2014 00:00,166.7,168,165.65,167,4898203
26-06-2014 00:00,165.25,168.25,164,166.5,7655847
27-06-2014 00:00,160.9,165.3,160.25,165.1,6538554
30-06-2014 00:00,164.2,165.3,160,160.5,5259988
01-07-2014 00:00,175.25,177.2,167.2,167.2,18819612
02-07-2014 00:00,178.25,179.15,174.05,177.8,11699288
03-07-2014 00:00,173.75,180.75,172.85,178.25,12055737
04-07-2014 00:00,173.25,174.55,171.05,171.95,6733395
07-07-2014 00:00,174.5,175.85,172.1,173.45,7093773
08-07-2014 00:00,169,175.9,168.15,174.7,6479098
09-07-2014 00:00,170.55,177.6,167.3,168.35,11753471
10-07-2014 00:00,176.25,184.9,168.3,172,13850220
11-07-2014 00:00,166.75,177.65,165.35,176.5,9546897
14-07-2014 00:00,173.4,175,165,165.45,7338881
15-07-2014 00:00,174.7,176.4,167.65,175.4,8803424
16-07-2014 00:00,182.3,183.3,174.3,176,10109551
17-07-2014 00:00,188.65,189.5,180.6,183.3,11547823
18-07-2014 00:00,184.6,187.15,183.55,187,9555163
21-07-2014 00:00,183.85,186,179.2,185.85,12711833
22-07-2014 00:00,188.25,190,183,184.6,12856830
23-07-2014 00:00,193.75,194.5,189,189,16908175
24-07-2014 00:00,198,198.9,192.5,194.2,14784601
25-07-2014 00:00,191.8,198.9,190.5,198.9,14535973
28-07-2014 00:00,187.8,194.4,186.5,191.8,7659739
30-07-2014 00:00,192.6,193.8,186.1,188.05,10593328
31-07-2014 00:00,191.7,195,188.65,193.1,13370034
01-08-2014 00:00,184.3,194.7,183.15,189.7,12377607
04-08-2014 00:00,190.9,193.15,184.1,184.1,9443678
05-08-2014 00:00,195.65,196.6,189.1,191.4,10095697
06-08-2014 00:00,191.75,196.7,190.95,194.25,6055467
07-08-2014 00:00,189.1,193.35,188.1,192,7742761
08-08-2014 00:00,183.95,187.2,180.55,186.8,9919821
11-08-2014 00:00,185.65,187.9,184.5,185,4670064
12-08-2014 00:00,185.4,187.8,183.3,187.8,7032239
13-08-2014 00:00,180.05,185.45,177.15,184.55,7549317
14-08-2014 00:00,178.6,183.45,175.75,180.8,14030737
18-08-2014 00:00,182.25,185.25,176.05,176.45,9334923
19-08-2014 00:00,180.85,185.65,179.8,182.4,10288612
20-08-2014 00:00,180.35,183,179.45,180.45,10604946
21-08-2014 00:00,177.9,182.35,176.5,179,7638544
22-08-2014 00:00,182.5,184.15,178.05,178.05,8364204
25-08-2014 00:00,164.85,184.7,160.15,183.75,18698120
26-08-2014 00:00,170.5,171.6,157.7,159,22135877
27-08-2014 00:00,172.3,173.3,168.25,171,9876204
28-08-2014 00:00,170.1,173.8,169.5,171.85,6182439
01-09-2014 00:00,176.15,178.95,169.4,171.9,11752433
02-09-2014 00:00,174.85,177.5,173.5,176,7741063
03-09-2014 00:00,175.1,177.25,173.2,174,8545333
04-09-2014 00:00,169.5,174.95,165.85,173.3,6861332
05-09-2014 00:00,167.7,172.45,166.05,168.55,5787423
08-09-2014 00:00,173.45,174,168.1,168.1,8514685
09-09-2014 00:00,172.9,174.95,169.35,172.5,7951226
10-09-2014 00:00,172.9,174.9,170.1,170.6,4651282
11-09-2014 00:00,173,175.45,171.7,172.05,4690133
12-09-2014 00:00,168.6,173.45,167.1,173,6512210
15-09-2014 00:00,163.6,168.75,162.95,167.95,8421482
16-09-2014 00:00,160.35,165.95,160,162,8528462
17-09-2014 00:00,160.65,163.3,157,162.05,7797094
18-09-2014 00:00,163,165.25,159.45,160.5,4836865
19-09-2014 00:00,164.3,166.5,162.1,163.3,8650571
22-09-2014 00:00,162.2,165.35,160.25,164.1,5133026
23-09-2014 00:00,157.15,164,155.2,161.55,7484298
24-09-2014 00:00,156.1,162.5,148.7,155.6,22873474
25-09-2014 00:00,149.15,155.65,133.05,154.8,31086655
26-09-2014 00:00,157.25,159.1,146.1,146.7,13351556
29-09-2014 00:00,159.7,161.65,153.6,157.8,9198699
30-09-2014 00:00,156.75,163,155.9,158.5,10734306
01-10-2014 00:00,155.25,158.4,152.65,155.2,8703260
07-10-2014 00:00,148.25,154.55,147.25,153.8,12921339
08-10-2014 00:00,148.8,149.8,145.7,146.8,9467940
09-10-2014 00:00,157.85,158.5,151.1,151.1,12406852
10-10-2014 00:00,150.15,155.05,149.45,155.05,10095610
13-10-2014 00:00,151.1,152,147.4,149.7,7777533
14-10-2014 00:00,151,155.2,147.55,151.6,11878963
16-10-2014 00:00,142.4,151,141.3,151,11734190
17-10-2014 00:00,139.45,144,138.15,143,13305567
20-10-2014 00:00,146.5,147.55,141.95,143,10451491
21-10-2014 00:00,147.9,150.9,147.05,147.55,8449946
22-10-2014 00:00,148.45,151,145.5,150,7869325
23-10-2014 00:00,149.25,149.95,149,149.9,657080
27-10-2014 00:00,147.35,151.5,146.55,150,6682773
28-10-2014 00:00,147.7,148.9,144.65,146.6,6866486
29-10-2014 00:00,156.9,158.3,148.2,148.2,12809507
30-10-2014 00:00,160.35,162,154.6,156.75,11033080
31-10-2014 00:00,163.7,164.45,158.8,160.2,7740469
03-11-2014 00:00,163.55,166,160.5,163.1,7051365
05-11-2014 00:00,156.5,164.05,155.3,163.45,8390745
07-11-2014 00:00,156.1,160.45,154.6,157.05,9383309
10-11-2014 00:00,152,157,151.5,156.55,9011011
11-11-2014 00:00,151.25,154.8,149.65,153,11436433
12-11-2014 00:00,151.3,153.65,150.65,151.5,10127123
13-11-2014 00:00,151.9,154.5,149.6,152.3,13597431
14-11-2014 00:00,157.3,158.65,150.95,152,10434031
17-11-2014 00:00,158.05,159.05,155.5,156.15,5914642
18-11-2014 00:00,155.3,160.75,154.55,157,9471205
19-11-2014 00:00,154.75,160.2,154.05,157.5,9177295
20-11-2014 00:00,156,157.6,154.1,156.5,6453261
21-11-2014 00:00,160.3,161,155.9,156.5,8704409
24-11-2014 00:00,165.65,168,161.95,162.65,10540335
25-11-2014 00:00,165.55,166.5,158.8,165.6,9865469
26-11-2014 00:00,169.15,169.8,162.15,164.6,7594843
27-11-2014 00:00,172.6,176.6,168.8,170,16167478
28-11-2014 00:00,174.05,175.2,172.1,173.4,8705076
01-12-2014 00:00,167.4,175.05,165.65,173,9673977
02-12-2014 00:00,171.05,172.25,166,167,9360449
03-12-2014 00:00,169.05,173,168,171.8,6342942
04-12-2014 00:00,165.9,171.3,165.3,170.05,7635372
05-12-2014 00:00,163.2,167.8,162.9,167.45,6802949
08-12-2014 00:00,159.15,164.85,157.8,162.75,9025091
09-12-2014 00:00,154.45,158.75,152.5,157.7,7678563
10-12-2014 00:00,154,157.2,153.2,154.8,4808967
11-12-2014 00:00,155.55,157.05,151.5,153.3,5043248
12-12-2014 00:00,153.55,158,152.1,158,6382001
15-12-2014 00:00,153.2,155.2,151.5,152,5268900
16-12-2014 00:00,144.75,151.85,141.85,151,16684445
17-12-2014 00:00,147.1,148.2,139,143,11916627
18-12-2014 00:00,152.95,154.95,149,149,8113040
19-12-2014 00:00,157.8,158.5,152,152,11532006
22-12-2014 00:00,155.8,158.85,154.95,156.5,4714890
23-12-2014 00:00,153.1,155.7,152.2,155.1,6821884
24-12-2014 00:00,150.6,153.5,149.6,153.1,8568559
26-12-2014 00:00,152,153.6,149.75,150.75,4821806
29-12-2014 00:00,157.05,157.9,152.2,153,4804910
30-12-2014 00:00,156.35,157.6,154.75,157.1,3056250
31-12-2014 00:00,157.55,159.7,156.4,156.45,4327309
01-01-2015 00:00,158.45,159,155.4,157.4,2350082
02-01-2015 00:00,160.1,161.2,158.35,158.9,2923839
05-01-2015 00:00,156.85,161.95,155.5,161,4830121
06-01-2015 00:00,153.4,156.3,151.15,156.3,7054029
07-01-2015 00:00,148.9,154.5,146.7,153.8,6638158
08-01-2015 00:00,152.55,153.2,148.55,150.7,3540099
09-01-2015 00:00,155,155.25,152.1,153.1,3743205
12-01-2015 00:00,151.1,155.2,150.5,155.2,4659450
13-01-2015 00:00,151.7,154.4,150.75,152.1,4324660
14-01-2015 00:00,142.15,151.35,140.8,150.95,13580758
15-01-2015 00:00,141.9,145.75,138.35,143.55,10860317
16-01-2015 00:00,138.55,143.4,137.75,141.5,9096928
19-01-2015 00:00,140.25,141.7,139.5,140.95,8541810
20-01-2015 00:00,144.7,145.2,141,141,8856169
21-01-2015 00:00,143.2,146.35,140.5,145.65,8871757
22-01-2015 00:00,143.45,144.9,141.1,143.05,6918171
23-01-2015 00:00,144.8,146.25,142.1,145.6,6943971
27-01-2015 00:00,142.5,144.5,139,139.9,7886739
28-01-2015 00:00,140.15,143.1,139.65,141.75,7496686
29-01-2015 00:00,142.4,142.9,138.25,139.9,10636771
30-01-2015 00:00,139.7,143.1,138.6,143,7570814
02-02-2015 00:00,145.25,145.7,139.5,140,7296741
03-02-2015 00:00,146.45,148.5,142.9,145.85,6262548
04-02-2015 00:00,152.4,153.8,146,147,8349284
05-02-2015 00:00,148.05,153.9,146.75,152.3,6672029
06-02-2015 00:00,147.3,150,145.65,148,5623571
09-02-2015 00:00,146.55,149,145.5,146.3,9737189
10-02-2015 00:00,149.2,153.7,146.55,148.5,8706407
11-02-2015 00:00,149.85,151.5,147.05,149.55,6154345
12-02-2015 00:00,152.8,153.4,149.05,151.8,10713094
13-02-2015 00:00,153.55,156.1,152,153,5666609
16-02-2015 00:00,150.95,158,150.25,157,4949268
18-02-2015 00:00,151.65,152.45,149.6,151,3717870
19-02-2015 00:00,156.25,157.8,150.1,151,8185032
20-02-2015 00:00,156.55,160.7,155.2,158,6630757
23-02-2015 00:00,154.85,161.8,154.2,161.6,6743403
24-02-2015 00:00,153.65,156.9,151.4,155,6455384
25-02-2015 00:00,153.65,155.45,152.25,154.6,3479311
26-02-2015 00:00,149.75,154,148,153.1,9010829
27-02-2015 00:00,155.15,155.8,149.8,150.55,6534491
28-02-2015 00:00,152.85,156.7,151,156.3,3999382
02-03-2015 00:00,156.55,157.4,153.5,154.2,4452819
03-03-2015 00:00,158.7,159.3,156.15,157.5,3718817
04-03-2015 00:00,153.1,160,152.3,160,5559004
05-03-2015 00:00,148.1,154,146.9,153.05,8404364
09-03-2015 00:00,140.8,149.85,140,149.4,8031261
10-03-2015 00:00,138.05,142.6,136.65,142.6,6588296
11-03-2015 00:00,130.35,138.85,127.2,138.85,21561044
12-03-2015 00:00,134.9,135.7,129.1,131.75,14242872
13-03-2015 00:00,131.7,136.75,131.05,136.7,6690050
16-03-2015 00:00,126.8,131.4,123.1,131,10785285
17-03-2015 00:00,134.25,134.75,126.8,128,9699896
18-03-2015 00:00,133.15,134.8,131.8,134,4154051
19-03-2015 00:00,132.3,136.2,131.3,134,4626972
20-03-2015 00:00,132.05,135,130.55,132.15,4836454
23-03-2015 00:00,135.9,136.8,131.95,131.95,6306085
24-03-2015 00:00,132.85,135.9,132,135.8,4386125
25-03-2015 00:00,132.9,134.45,132.35,133,2895061
26-03-2015 00:00,129.55,133.4,128.55,132.4,7955596
27-03-2015 00:00,133.95,134.45,130.05,131,5241353
30-03-2015 00:00,131.15,134.7,130.3,134.25,3651285
31-03-2015 00:00,129,133.45,128.4,133,8516432
01-04-2015 00:00,132.2,132.9,127.5,129,7180617
06-04-2015 00:00,134.7,135.1,132,133.4,5542921
07-04-2015 00:00,136.95,137.55,134.2,135,6514199
08-04-2015 00:00,137.95,138.9,136.15,137.25,6176434
09-04-2015 00:00,139.9,140.85,136.6,138.6,6142066
10-04-2015 00:00,137.9,139.2,137.05,139,4860480
13-04-2015 00:00,136.1,138.95,135.1,138,5017864
15-04-2015 00:00,135.15,137.4,134.6,136,8714291
16-04-2015 00:00,137.15,137.9,135.4,135.85,5457847
17-04-2015 00:00,139.75,141.7,137.6,138,8674061
20-04-2015 00:00,138.25,141.7,137.2,140.9,5669966
21-04-2015 00:00,134.3,139.35,133.7,138.4,6236971
22-04-2015 00:00,134.65,135.5,132.6,133.5,6263990
23-04-2015 00:00,135.05,137,133.8,135.5,6782890
24-04-2015 00:00,131.15,135.8,130.1,134.85,7487405
27-04-2015 00:00,130.05,132.95,128.25,132,4805160
28-04-2015 00:00,131.35,132.45,129.6,130.9,6154792
29-04-2015 00:00,130.6,131.4,128.7,131.4,7223085
30-04-2015 00:00,128.6,130.9,127.05,130,11618447
04-05-2015 00:00,133.15,133.6,129.5,130.4,4003261
05-05-2015 00:00,139.35,140.2,132.35,133.45,8946517
06-05-2015 00:00,137.75,142,135.05,138.9,9503948
07-05-2015 00:00,134.3,136.9,132.25,136.9,5764064
08-05-2015 00:00,138.95,139.5,134.85,135.2,4144037
11-05-2015 00:00,142.5,145.1,140.2,140.8,6190079
12-05-2015 00:00,137.6,142.5,136.2,142.4,5822453
13-05-2015 00:00,133.5,136.4,131.75,134.9,9200683
14-05-2015 00:00,137.45,138,132.5,134.1,3697331
15-05-2015 00:00,137,138.75,134.55,137.7,3519076
18-05-2015 00:00,139.1,141.85,137.9,138,5044666
19-05-2015 00:00,139.95,140.55,136.6,138.85,4364176
20-05-2015 00:00,138.95,140.65,138.15,140.65,3050410
21-05-2015 00:00,139.1,139.9,136.25,137.7,3942179
22-05-2015 00:00,136.9,139,136.5,139,2577977
25-05-2015 00:00,134.5,138.4,133.9,136.75,2879752
26-05-2015 00:00,134.3,135.65,133.2,135.15,2693352
27-05-2015 00:00,133.55,134.6,132.2,133,3168751
28-05-2015 00:00,131.6,134,129.8,132.6,10174628
29-05-2015 00:00,129.25,133.2,128.55,130.95,11477479
01-06-2015 00:00,128.35,129.8,127.75,128.75,3272418
02-06-2015 00:00,123.25,129.2,122.9,128.95,4980345
03-06-2015 00:00,121.95,124.9,120,124.05,3508099
04-06-2015 00:00,121.3,123.55,119,122.3,3192106
05-06-2015 00:00,120.15,122.3,119.15,120.95,4163808
08-06-2015 00:00,118.2,121.15,117.7,120.25,4663365
09-06-2015 00:00,120.1,121.3,117.55,118,4663442
10-06-2015 00:00,120.3,121.8,119.65,120.5,3297811
11-06-2015 00:00,119.2,121.5,118.6,120.7,4749485
12-06-2015 00:00,116.75,119.25,116.1,118.75,5422403
15-06-2015 00:00,114.3,117.15,113.8,116.2,4287348
16-06-2015 00:00,115,115.5,113.6,114.65,5266441
17-06-2015 00:00,118.55,119.15,114.8,115,5112962
18-06-2015 00:00,120,120.6,117.65,118.5,4713738
19-06-2015 00:00,120.8,123.4,120,122.85,7892805
22-06-2015 00:00,121.2,122,119.9,121,2533356
23-06-2015 00:00,121.6,124.45,121.25,122.6,4076380
24-06-2015 00:00,117.25,122.75,116.6,121.95,3604713
25-06-2015 00:00,118,118.5,115.65,117,5509978
26-06-2015 00:00,117,118.35,115.95,117.9,4253624
29-06-2015 00:00,112.85,115.2,111,115,6441434
30-06-2015 00:00,111.9,113.5,111.25,112.9,7516460
01-07-2015 00:00,113.05,113.9,112.15,112.3,3867419
02-07-2015 00:00,111.05,114.6,110.7,113.55,4764056
03-07-2015 00:00,110.6,111.45,109.65,111,4606491
06-07-2015 00:00,109.05,109.5,107.25,108.2,4509017
07-07-2015 00:00,107.15,109,106.7,108.9,5412336
08-07-2015 00:00,101.85,105.5,99.05,105.5,12611248
09-07-2015 00:00,104,104.9,100.7,102.2,6650883
10-07-2015 00:00,104.6,105.35,102.35,105,3399973
13-07-2015 00:00,106.65,106.95,102.15,104.2,4140433
14-07-2015 00:00,104.6,106.75,104.3,106.6,3600749
15-07-2015 00:00,105.55,106.4,104.7,104.7,2290566
16-07-2015 00:00,106.7,107.05,104.6,105.75,2705253
17-07-2015 00:00,107.2,108.25,106.15,107.1,3325040
20-07-2015 00:00,109.4,110.3,107.1,107.5,4352389
21-07-2015 00:00,108.1,111.75,106.05,109.1,6584314
22-07-2015 00:00,107.7,108.9,105.55,107.9,3385362
23-07-2015 00:00,108.7,109.3,106.45,107.95,2382191
24-07-2015 00:00,109.35,110.25,107.75,108,3081533
27-07-2015 00:00,104.4,108.5,103.95,108.5,6011766
28-07-2015 00:00,105.5,106.65,102.25,103.15,4192798
29-07-2015 00:00,106.55,108.15,105.7,105.8,4721020
30-07-2015 00:00,104.7,107.3,104.25,106.85,8222321
31-07-2015 00:00,105.2,107.3,104.5,105.5,5201040
03-08-2015 00:00,105.7,106.5,104.7,105.25,2485343
04-08-2015 00:00,109.25,110.4,105.75,106,4300456
05-08-2015 00:00,108.25,111.9,107.85,110,4508245
06-08-2015 00:00,108.7,110,107.5,108.95,2977481
07-08-2015 00:00,109.55,112.25,108,108.15,3542555
10-08-2015 00:00,107.8,111.75,106.75,110,3049401
11-08-2015 00:00,103.25,108.3,102.85,108,4765889
12-08-2015 00:00,95.9,102.9,95.55,102.8,11715218
13-08-2015 00:00,90.8,98,90.4,97,9789915
14-08-2015 00:00,93.15,95.35,89.5,91,11777040
17-08-2015 00:00,90.65,93.7,89.7,93.5,6356760
18-08-2015 00:00,88.9,92.95,87.9,91.6,8355260
19-08-2015 00:00,86.15,88.9,85.8,88.9,9032174
20-08-2015 00:00,84.95,86.25,83.6,86,8280327
21-08-2015 00:00,86,86.3,82.05,83,11079753
24-08-2015 00:00,78.65,83.5,76.1,83.5,10640052
25-08-2015 00:00,80.45,82.25,75.25,81.25,9592625
26-08-2015 00:00,80.4,81.8,79,80.7,7083082
27-08-2015 00:00,80.65,82.9,79.15,82.9,10675016
28-08-2015 00:00,81.65,84.7,80.1,83.3,11959033
31-08-2015 00:00,80.05,82.7,79.75,81.05,7893204
01-09-2015 00:00,75.95,79.6,75.6,79.45,9754819
02-09-2015 00:00,74.35,76.9,74.15,76.1,11987371
03-09-2015 00:00,77.2,78.35,75,75.2,8897644
04-09-2015 00:00,73.9,77,73.5,76.95,9254943
07-09-2015 00:00,71.55,74.25,71.4,74.15,5573543
08-09-2015 00:00,72.7,74.5,71.6,72.35,8371762
09-09-2015 00:00,78.6,79.2,74,75.15,15543929
10-09-2015 00:00,76.5,77.15,74.45,76.5,9452127
11-09-2015 00:00,76.1,78.1,75.55,77.8,6938110
14-09-2015 00:00,78.65,79.15,75.9,76.8,6215669
15-09-2015 00:00,76.25,78.65,75.7,78.3,6194943
16-09-2015 00:00,77.25,78.25,75.25,77.5,6409074
18-09-2015 00:00,75.9,79,75.35,77.9,10191740
21-09-2015 00:00,78.1,78.8,74.2,75.25,7954972
22-09-2015 00:00,73.2,77,72.75,76.95,10220655
23-09-2015 00:00,72.95,74.25,71.3,72,6112851
24-09-2015 00:00,71.4,73.45,71.2,73.3,6783348
28-09-2015 00:00,70.55,73,70.25,71.9,6132965
29-09-2015 00:00,68.2,69.8,67.5,69.5,9667246
30-09-2015 00:00,70.8,71.5,69,69.4,7662075
01-10-2015 00:00,70.9,72.1,70.25,71.65,4570648
05-10-2015 00:00,74,74.4,71.35,71.95,6499084
06-10-2015 00:00,75,75.65,73.55,74.85,5594644
07-10-2015 00:00,81.9,83.4,74.4,75,20395886
08-10-2015 00:00,82.35,84.3,80.4,82,16159275
09-10-2015 00:00,83.95,85.5,82.8,83.1,13467309
12-10-2015 00:00,88.65,92.4,84.55,84.7,26948602
13-10-2015 00:00,86.15,86.7,81,81,18613124
14-10-2015 00:00,88.6,90.75,85.25,85.4,14422511
15-10-2015 00:00,87.8,91.5,86.3,89.3,16205040
16-10-2015 00:00,87.75,89.4,86.05,89.25,9119969
19-10-2015 00:00,86.75,88.5,86.5,88,4943125
20-10-2015 00:00,84.45,86.7,84.05,86.7,8452425
21-10-2015 00:00,85.55,86.6,84.1,84.45,7239578
23-10-2015 00:00,85.1,87.4,84.65,87.2,7207731
26-10-2015 00:00,85.4,86.9,84.85,86.3,5855329
27-10-2015 00:00,84.4,86.1,83.2,85,9200960
28-10-2015 00:00,84.5,85.2,84,84,5213212
29-10-2015 00:00,83.25,85,83,84.75,6610339
30-10-2015 00:00,84.05,86.9,83.05,83.5,10426450
02-11-2015 00:00,80.95,84.25,80.1,83.9,6934948
03-11-2015 00:00,82.35,84.4,81.7,81.85,10902466
04-11-2015 00:00,81.85,83.9,81.5,83.5,6302042
05-11-2015 00:00,81.05,82.4,80.8,81.75,4001045
06-11-2015 00:00,80.9,82.25,80,81.1,6199574
09-11-2015 00:00,79.95,80.75,78,78,6902286
10-11-2015 00:00,79.25,82.8,77.1,78.15,18103849
11-11-2015 00:00,80.3,80.8,80.05,80.1,1141982
13-11-2015 00:00,77.4,80.25,77.15,79,11899968
16-11-2015 00:00,79.05,79.5,76.4,76.95,11401155
17-11-2015 00:00,80.85,82.45,79.25,79.8,11768848
18-11-2015 00:00,76.55,81.3,76.3,80.85,13878123
19-11-2015 00:00,78.4,78.9,75.4,77.8,13759182
20-11-2015 00:00,77.2,79.4,76.85,78.35,14167159
23-11-2015 00:00,74.25,77.3,73.8,77.05,11048526
24-11-2015 00:00,73.6,74.55,73.2,73.6,9426757
26-11-2015 00:00,75.1,75.5,73.85,74,7517900
27-11-2015 00:00,77.65,79.1,75.2,75.3,12432617
30-11-2015 00:00,77.05,77.9,76.6,77.4,10087833
01-12-2015 00:00,79.55,79.8,77.5,77.6,8171916
02-12-2015 00:00,80.45,81.2,79.9,80,8880279
03-12-2015 00:00,79.2,81.65,78.6,79.55,11515236
04-12-2015 00:00,79.05,80.1,78.2,78.85,6152914
07-12-2015 00:00,79.25,80.6,78.9,79.8,6293540
08-12-2015 00:00,76,78.75,75.7,78.5,7459812
09-12-2015 00:00,73.75,75.65,73,75.5,7645728
10-12-2015 00:00,75.7,76.15,74.5,74.7,7082364
11-12-2015 00:00,76.25,77.2,74.7,76,9056848
14-12-2015 00:00,78.8,79.25,75.75,76,10437559
15-12-2015 00:00,79,79.3,77.25,79.1,5371495
16-12-2015 00:00,78.55,80.2,78.35,79.35,5407666
17-12-2015 00:00,81.3,81.65,78.65,78.85,12765646
18-12-2015 00:00,79.9,82,79.6,81.2,9069541
21-12-2015 00:00,81.3,81.8,80.2,80.2,7868108
22-12-2015 00:00,79.6,81.75,79.2,81.15,5451649
23-12-2015 00:00,83.9,84.2,80.2,80.6,12159348
24-12-2015 00:00,85.25,85.65,83.75,84.55,11012588
28-12-2015 00:00,84.95,86,84.3,85.7,6753979
29-12-2015 00:00,84.4,85.5,84.15,85.25,5043169
30-12-2015 00:00,84.7,85.7,84.1,84.7,6327517
31-12-2015 00:00,84.75,85.5,83.2,85,8803069
01-01-2016 00:00,84.9,85.25,84,84.7,2806421
04-01-2016 00:00,80.75,85.9,80.4,84.2,8706224
05-01-2016 00:00,82.6,83.95,80.6,82,9819068
06-01-2016 00:00,80.55,82.85,79.7,82.4,6494446
07-01-2016 00:00,76.65,79.4,76.1,79,8098318
08-01-2016 00:00,76.9,78.15,75.2,77.45,6800939
11-01-2016 00:00,77.9,78.65,74.3,75.8,9706674
12-01-2016 00:00,75.6,78.65,75,78.4,6696133
13-01-2016 00:00,76.7,77.5,74.3,76.4,8275596
14-01-2016 00:00,74.7,76,73.4,75,7864816
15-01-2016 00:00,71.8,75.4,71.15,75.35,5206900
18-01-2016 00:00,71.2,73.5,70.05,71.05,6814262
19-01-2016 00:00,71.85,73.9,71.1,72.1,4396738
20-01-2016 00:00,67.6,71.05,66.35,71,8312143
21-01-2016 00:00,68.3,69.35,66.8,69,5883512
22-01-2016 00:00,72.35,72.9,69.1,69.6,6988053
25-01-2016 00:00,72,73.45,71.8,72.9,3930042
27-01-2016 00:00,71.05,72.85,70.8,72.5,5960177
28-01-2016 00:00,69.7,71.4,69.25,71.05,12038432
29-01-2016 00:00,70.5,71.15,68.75,70,9203028
01-02-2016 00:00,71.1,71.55,70.2,70.85,5582032
02-02-2016 00:00,68.55,71.8,68.2,71.75,6192773
03-02-2016 00:00,66.65,68,66.3,68,6780055
04-02-2016 00:00,68.7,70.45,67.2,67.8,12083591
05-02-2016 00:00,71.25,72.2,68.8,69.3,15932693
08-02-2016 00:00,69.8,72,69.45,72,10400835
09-02-2016 00:00,70,70.8,67.6,68.5,16969989
10-02-2016 00:00,66.9,70.5,65,70.2,16937036
11-02-2016 00:00,63.7,67.75,62.95,67.5,7915911
12-02-2016 00:00,60.9,64.85,58.8,64.8,11171816
15-02-2016 00:00,67,68.45,62.3,62.45,17333390
16-02-2016 00:00,64.85,68.5,64.55,68.5,9530757
17-02-2016 00:00,65.8,66.3,61.6,65.2,12113622
18-02-2016 00:00,68.9,70.1,67.2,67.65,14663310
19-02-2016 00:00,69.05,70,67.45,68.3,6048480
22-02-2016 00:00,69.5,70.6,68.8,69.15,5132711
23-02-2016 00:00,68.5,71.85,67.8,69.9,10366393
24-02-2016 00:00,66.4,68.45,66,67.6,6136935
25-02-2016 00:00,67.15,68,66.45,67.35,6197874
26-02-2016 00:00,69.45,69.95,66.2,68.2,9806363
29-02-2016 00:00,68.75,70.8,66.7,70.15,15550728
01-03-2016 00:00,70.25,70.5,68.6,69,8273262
02-03-2016 00:00,74.95,77,71.3,71.9,21643529
03-03-2016 00:00,79.25,79.8,75.5,76.5,22949555
04-03-2016 00:00,79.4,81.9,77.6,79.85,15840406
08-03-2016 00:00,83.15,84.2,80.05,80.3,19055239
09-03-2016 00:00,81.1,81.4,79.05,80.4,11565488
10-03-2016 00:00,83.8,85.55,81.55,81.9,18838685
11-03-2016 00:00,83.5,84.75,81.6,83.9,10301155
14-03-2016 00:00,84.9,86,84.2,84.5,6642436
15-03-2016 00:00,83.9,86,83.6,85,11700066
16-03-2016 00:00,81.5,84.25,79.35,84,13890592
17-03-2016 00:00,81,83.8,80.7,82.5,8476015
18-03-2016 00:00,85.2,85.5,82,82.4,14366152
21-03-2016 00:00,86,87,84.3,85.7,12324190
22-03-2016 00:00,87,88,84.85,85.9,12800780
23-03-2016 00:00,91.3,91.7,87.9,88,22685606
28-03-2016 00:00,83.25,92.5,82.55,92.5,20101957
29-03-2016 00:00,84.4,86.15,83.5,83.9,14305542
30-03-2016 00:00,88,89.3,85.25,85.5,15758559
31-03-2016 00:00,87.95,89,86.5,87.85,16963906
01-04-2016 00:00,86.65,87.65,86.05,87.5,8139439
04-04-2016 00:00,89.1,90.65,86.5,87.45,14431538
05-04-2016 00:00,84.9,89.4,84.35,88.2,11541211
06-04-2016 00:00,88.95,89.7,85.5,85.75,14585715
07-04-2016 00:00,87.3,89.4,86.75,89,6979457
08-04-2016 00:00,87.7,89.5,86,87.25,10212068
11-04-2016 00:00,92.2,93.2,87.85,88.15,15187158
12-04-2016 00:00,92,93.15,90.2,91.35,12789430
13-04-2016 00:00,96.3,97.7,93.05,93.05,18201767
18-04-2016 00:00,97.05,97.6,94.5,96.8,11527074
20-04-2016 00:00,101.8,102.4,98.25,99.45,24020057
21-04-2016 00:00,101.8,104.25,100.65,102.4,18328986
22-04-2016 00:00,101.1,102.75,100.6,101.5,10577244
25-04-2016 00:00,98.4,101.35,96.55,101.15,9752785
26-04-2016 00:00,103.15,103.45,98.9,99.05,17484714
27-04-2016 00:00,101.75,104.4,101.1,103.25,8607518
28-04-2016 00:00,96.9,102.45,96.5,101.8,19093454
29-04-2016 00:00,96.35,99,93.4,97.4,23929755
02-05-2016 00:00,98.65,100.65,94.6,96.4,18962903
03-05-2016 00:00,96.9,100.6,96.55,99.5,13225593
04-05-2016 00:00,91.15,95.8,90.65,95.5,14740553
05-05-2016 00:00,90.45,93.2,88.9,91.5,15926658
06-05-2016 00:00,91.9,92.3,89.2,90.5,13758624
09-05-2016 00:00,91.7,93.9,91,93,11577265
10-05-2016 00:00,89.85,91.05,89.2,91.05,12264885
11-05-2016 00:00,91.6,92.8,88.8,89.5,14204732
12-05-2016 00:00,93.4,93.75,92,92.3,9628472
13-05-2016 00:00,89.3,93.4,88.85,93.4,12852619
16-05-2016 00:00,89.8,90.55,88.1,89.75,8759799
17-05-2016 00:00,89.1,91.2,88.9,90.55,7734643
18-05-2016 00:00,89.15,89.6,87.25,88.2,8076399
19-05-2016 00:00,87.05,90.9,86.3,89.05,10822516
20-05-2016 00:00,86.95,88.55,86.45,87.6,10826038
23-05-2016 00:00,86.9,88.45,86.3,87.95,6339823
24-05-2016 00:00,86.3,87.45,83.5,87.1,8892273
25-05-2016 00:00,88.75,89.25,87.55,89,8223849
26-05-2016 00:00,90.3,90.7,87.65,88.9,12228049
27-05-2016 00:00,91.9,92.7,90.85,91,11544310
30-05-2016 00:00,102.95,103.5,98.15,100,43496929
31-05-2016 00:00,105.25,107.65,102.5,103.1,36580800
01-06-2016 00:00,103.1,105.75,102.6,105.35,12374620
02-06-2016 00:00,106.05,106.35,102.2,102.75,12148730
03-06-2016 00:00,105.55,106.9,104.1,106.7,9025991
06-06-2016 00:00,106.85,108,104.55,105.05,13723112
07-06-2016 00:00,109.5,110.25,107,107.25,14522201
08-06-2016 00:00,109.35,110.45,108,109.75,10622548
09-06-2016 00:00,110.9,112.6,108.95,109,16009358
10-06-2016 00:00,115.3,115.9,110.45,110.45,26738862
13-06-2016 00:00,114.7,115.5,111.35,113.5,15420130
14-06-2016 00:00,115.6,115.85,114.1,114.95,10883646
15-06-2016 00:00,115.75,116.7,114.2,116.25,10291525
16-06-2016 00:00,119.05,119.45,114.35,115.35,19649978
17-06-2016 00:00,118.8,120.25,117.95,120.1,9115066
20-06-2016 00:00,121.05,121.35,117.3,117.45,7879482
21-06-2016 00:00,123.5,124.65,121.6,122.25,15274422
22-06-2016 00:00,122.2,123.95,120.1,123.95,10065713
23-06-2016 00:00,123.9,124.5,121.65,122.1,8243327
24-06-2016 00:00,117.3,119.6,112,118.35,22745648
27-06-2016 00:00,119.8,120.8,115.9,115.95,13603388
28-06-2016 00:00,118.05,121.05,117.75,119.9,11037595
29-06-2016 00:00,119.95,121.3,118.6,119,9327343
30-06-2016 00:00,122.85,123.45,121.25,122.4,15709303
01-07-2016 00:00,124.75,125.5,123.15,124,8905862
04-07-2016 00:00,125.95,126.75,125.5,126.1,5715305
05-07-2016 00:00,123.65,127.4,123.3,126,9848628
07-07-2016 00:00,127.7,128.7,124.6,125,15661285
08-07-2016 00:00,126.85,128.7,125.5,128.7,8327269
11-07-2016 00:00,129.05,129.75,128.05,128.3,7534954
12-07-2016 00:00,135.25,136.2,130,130.35,26490373
13-07-2016 00:00,135.8,139.9,134.7,136,20241097
14-07-2016 00:00,135.8,137.35,133.75,136,11703265
15-07-2016 00:00,137.4,138,135.55,136.9,10639879
18-07-2016 00:00,137.25,141.45,136.15,137.9,13729613
19-07-2016 00:00,138,139.5,136.6,136.9,10933178
20-07-2016 00:00,135.9,139.3,134.3,138.85,11898110
21-07-2016 00:00,133.9,137.5,133.5,137.15,11200454
22-07-2016 00:00,136,137,130.35,133.2,15030516
25-07-2016 00:00,135.2,136.9,133.9,136.5,6407189
26-07-2016 00:00,131.65,136.8,131,135.2,12881150
27-07-2016 00:00,133.8,134.6,131.2,132.65,9550329
28-07-2016 00:00,134.25,135.6,132.1,134,10626361
29-07-2016 00:00,133.55,135.65,132.15,134.95,7051660
01-08-2016 00:00,136.6,138.8,134.1,134.5,12647887
02-08-2016 00:00,135.5,138.25,134.6,137.4,9026140
03-08-2016 00:00,135.7,137.25,133.6,135.4,9958140
04-08-2016 00:00,137.1,137.95,135.4,136.5,6943209
05-08-2016 00:00,143.7,144.25,138.5,139,13302798
08-08-2016 00:00,149.15,152.15,146,146.25,20168915
09-08-2016 00:00,146.6,150.25,145.4,150.2,9816523
10-08-2016 00:00,145.8,149.15,144.55,147,9266876
11-08-2016 00:00,142.25,146,138.5,145.6,9200944
12-08-2016 00:00,146.35,149.25,143,143,22086647
16-08-2016 00:00,154.65,155.55,146.6,147.7,17292821
17-08-2016 00:00,155.95,156.8,153.95,154.35,13401034
18-08-2016 00:00,154.35,157.15,154,156.5,7030499
19-08-2016 00:00,158.95,159.45,156.25,156.8,13625085
22-08-2016 00:00,156.05,158,155.3,158,6708408
23-08-2016 00:00,155.55,156.95,153.8,155.5,6120185
24-08-2016 00:00,157,157.6,155.4,156.3,7012966
25-08-2016 00:00,154.25,157.8,153.5,156.95,7136191
26-08-2016 00:00,155.5,156.95,154.3,155.45,7924816
29-08-2016 00:00,158.3,159.5,154.5,155,7488966
30-08-2016 00:00,162.75,163.5,159.05,159.9,7930389
31-08-2016 00:00,159.25,164.7,158.25,163,15209502
01-09-2016 00:00,157.5,160.65,156.6,159,6261144
02-09-2016 00:00,157.25,158.9,154.5,158.3,6820117
06-09-2016 00:00,158.5,159.9,157,157.55,5189625
07-09-2016 00:00,159.7,161.8,158.05,158.55,7925196
08-09-2016 00:00,161.95,163.45,160,160.9,9379095
09-09-2016 00:00,154.85,162.85,154,162.85,9427758
12-09-2016 00:00,140.85,150.6,139.9,149,16165924
14-09-2016 00:00,143.25,143.7,138.55,140.25,13195609
15-09-2016 00:00,145.55,146.25,141.15,144.95,10494591
16-09-2016 00:00,142.65,147.9,142,146.8,10327538
19-09-2016 00:00,143.95,144.6,141.7,143.1,4969953
20-09-2016 00:00,145.6,146.35,142.6,143,7633586
21-09-2016 00:00,149.55,151.35,144.1,145.55,14671999
22-09-2016 00:00,154.6,156.2,152.25,153.4,16321716
23-09-2016 00:00,154.45,156.85,153.05,154.6,10730581
26-09-2016 00:00,153.6,155.3,152.3,154,7234470
27-09-2016 00:00,150.05,155.3,149.55,154.35,8046035
28-09-2016 00:00,156.9,158.2,148.5,150.2,12785618
29-09-2016 00:00,150,157.85,147.8,157.45,14157620
30-09-2016 00:00,152.7,154.35,146.8,147,9167292
03-10-2016 00:00,154.1,155.2,152.6,154.5,9299252
04-10-2016 00:00,154.25,157.5,152.35,154.95,13696719
05-10-2016 00:00,157.25,159.3,155.75,156.5,10169595
06-10-2016 00:00,158.35,161.7,156.1,158,13604084
07-10-2016 00:00,158,160.4,156.65,158.95,7263839
10-10-2016 00:00,160.75,162.8,158.8,158.85,8157913
13-10-2016 00:00,155.15,159.25,152.1,157.9,8680827
14-10-2016 00:00,154.6,156.35,153.2,155.75,5656494
17-10-2016 00:00,150.65,155.6,150,154.2,7752014
18-10-2016 00:00,152.35,153.35,149.3,152,10851523
19-10-2016 00:00,151,153.95,150,153.4,8197044
20-10-2016 00:00,155.25,156.25,151.65,151.8,8035617
21-10-2016 00:00,151.85,155.4,150.85,155.4,5801324
24-10-2016 00:00,150.85,153.15,150.4,152.15,5649471
25-10-2016 00:00,150.5,152.5,147.65,151.2,8898884
26-10-2016 00:00,150.2,152.25,148.6,149.9,6191861
27-10-2016 00:00,148.3,150.85,147.4,150.2,8386282
28-10-2016 00:00,149.65,150.4,148,148.5,4501956
30-10-2016 00:00,149.75,150.25,149.4,150,429601
01-11-2016 00:00,156.95,159.5,149.7,150.5,17722418
02-11-2016 00:00,156.5,158.2,153.15,154.8,11309743
03-11-2016 00:00,162.8,166.4,156.75,156.95,26147206
04-11-2016 00:00,158.85,164.95,154.75,164,14042173
07-11-2016 00:00,167.6,168.75,161.4,162.75,13926778
08-11-2016 00:00,167.4,172.4,165.85,170,23431723
09-11-2016 00:00,162.1,163.65,150.7,150.7,11328441
10-11-2016 00:00,175.75,177.35,167,168.5,16275443
11-11-2016 00:00,172.3,178.1,171.05,174.1,13455096
15-11-2016 00:00,167.75,180.65,166.5,175.7,30748024
16-11-2016 00:00,162.8,172.7,161.2,171.8,11909724
17-11-2016 00:00,168.3,169.8,162,164,10560503
18-11-2016 00:00,165.35,169.3,163.6,169,8775559
21-11-2016 00:00,157.35,170.8,156.1,166.5,16027161
22-11-2016 00:00,166.55,167.3,158.65,158.85,15431966
23-11-2016 00:00,173.7,174.3,168,168.95,15975588
24-11-2016 00:00,180.45,181.15,172.15,173.5,24353559
25-11-2016 00:00,180.5,184.8,178.85,182.9,17338861
28-11-2016 00:00,178.65,182.35,177.7,180.3,12519439
29-11-2016 00:00,175.4,180.85,174.8,179.7,9819481
30-11-2016 00:00,175.75,178.7,172.8,175,15095725
01-12-2016 00:00,171.35,177.5,169.7,176.8,7638033
02-12-2016 00:00,168.75,174.15,167.5,170.95,11034636
05-12-2016 00:00,174.5,175.4,167.8,168.5,9144499
06-12-2016 00:00,175.4,177.85,174.2,176.95,8668165
07-12-2016 00:00,175.05,176.8,172.45,176.5,6213861
08-12-2016 00:00,179.2,181.4,176.3,177.45,9432763
09-12-2016 00:00,182.1,183.45,179.05,180.45,9543322
12-12-2016 00:00,181.95,183.2,179.25,180.8,8051004
13-12-2016 00:00,176.95,182.65,175.25,181.55,9690930
14-12-2016 00:00,176,178.2,174.85,177.25,6198952
15-12-2016 00:00,176.1,177.4,173.2,173.4,6165323
16-12-2016 00:00,170.2,176.9,169.1,176.9,9584392
19-12-2016 00:00,169.15,171.75,168.1,169.4,5526669
20-12-2016 00:00,167.15,169.75,165.35,169.7,5435726
21-12-2016 00:00,168.8,171,166.55,168,6539566
22-12-2016 00:00,161.25,168.7,160.25,168.7,9593033
23-12-2016 00:00,159.3,162.1,158.85,161,9804162
26-12-2016 00:00,151.5,157.5,149.7,157.5,10229442
27-12-2016 00:00,155.55,156.6,147.85,150.3,10782163
28-12-2016 00:00,153.6,158.25,152.6,156.5,9007119
29-12-2016 00:00,154.75,155.55,152.3,153.1,7714023
30-12-2016 00:00,155.05,156.2,153.25,155,8199773
02-01-2017 00:00,158.85,159.75,154.2,155.85,9537127
03-01-2017 00:00,158.85,161,157.05,159.85,6841113
04-01-2017 00:00,158.9,161.6,157.45,158.9,7732019
05-01-2017 00:00,162,162.65,159.9,160,9921362
06-01-2017 00:00,160.75,163.8,160.1,162.45,6830935
09-01-2017 00:00,158,162.2,157.65,161.6,6143220
10-01-2017 00:00,164.4,165.4,158,159.15,15806841
11-01-2017 00:00,174.95,175.65,166.45,167.1,24145144
12-01-2017 00:00,177,178.6,172.4,175.6,14225168
13-01-2017 00:00,172.25,178.8,170.85,178.8,17430533
16-01-2017 00:00,172.6,174.35,169.9,172,9673403
17-01-2017 00:00,171.05,174.8,169.3,173.6,7373767
18-01-2017 00:00,177,177.35,171.6,171.8,13047979
19-01-2017 00:00,176.1,177.25,173.5,176.3,8384318
20-01-2017 00:00,171.65,178.35,169.5,175.6,12034397
23-01-2017 00:00,181.7,182.4,172.25,173,18223180
24-01-2017 00:00,187.15,187.85,181.05,182.6,17125785
25-01-2017 00:00,190.75,191.65,187.15,187.4,21241955
27-01-2017 00:00,190.75,195,188.05,190.5,19584307
30-01-2017 00:00,191.5,195.3,186.95,190.05,12048505
31-01-2017 00:00,189.95,193.2,189.2,191.95,9510113
01-02-2017 00:00,198.85,200,186.55,190.9,12602860
02-02-2017 00:00,193.3,198.5,191.5,198.5,12723782
03-02-2017 00:00,191.75,195.4,188.25,194,11316589
06-02-2017 00:00,190.1,195.5,189.3,192.5,7376710
07-02-2017 00:00,185.9,192.95,184.05,190.7,10634847
08-02-2017 00:00,189,192.25,186.3,187.5,10372799
09-02-2017 00:00,183.7,190.25,181.95,189.95,13995996
10-02-2017 00:00,182.05,185.7,180.8,185.6,11598507
13-02-2017 00:00,185,187.9,181.6,184.5,17458689
14-02-2017 00:00,187.25,188,184.2,187,11938838
15-02-2017 00:00,184.45,189.95,182.05,187.1,11976086
16-02-2017 00:00,187.75,188.8,182.25,184,10429023
17-02-2017 00:00,183.65,189.3,183,187.95,9231407
20-02-2017 00:00,183.3,185.9,179.75,184,17874216
21-02-2017 00:00,182.45,186.9,181.8,183.35,13307165
22-02-2017 00:00,180.05,184,179.1,183,8976506
23-02-2017 00:00,182.1,183.5,179.3,179.8,11393385
27-02-2017 00:00,180.75,183.15,179.2,182.35,7419931
28-02-2017 00:00,184.35,185.5,180.3,181,10009502
01-03-2017 00:00,189.25,192,184.6,185.15,19044703
02-03-2017 00:00,189.45,196.15,188.2,191.2,22934124
03-03-2017 00:00,198.55,199.75,187.95,188.45,31030530
06-03-2017 00:00,199.55,202.3,196.35,198.7,17600803
07-03-2017 00:00,192.55,199.35,191.6,199.35,17607880
08-03-2017 00:00,190.2,193.4,186.8,192.9,19426738
09-03-2017 00:00,189.2,192,187.8,191,11667482
10-03-2017 00:00,187.6,191.35,187,190.8,9745858
14-03-2017 00:00,190.4,194,188.45,193.5,15425412
15-03-2017 00:00,190.85,192.9,190.05,192.4,11000147
16-03-2017 00:00,198.75,199.4,192.7,194,17634067
17-03-2017 00:00,196.2,200.35,194.65,200,12329364
20-03-2017 00:00,196.2,197.1,191.65,196.7,7107018
21-03-2017 00:00,198.3,199.8,193.25,196,8832703
22-03-2017 00:00,193.4,196.5,192,194.9,17762515
23-03-2017 00:00,193.7,195.2,192.7,194.4,10680580
24-03-2017 00:00,194.9,197,192.25,193.5,11748143
27-03-2017 00:00,188.7,194.55,187.6,193.95,16988411
28-03-2017 00:00,189.6,191.2,188.75,189.5,10087530
29-03-2017 00:00,192.25,193.15,189.6,190.6,9066478
30-03-2017 00:00,190.3,193.55,189.8,192.4,16296796
31-03-2017 00:00,195.05,195.95,190.5,190.8,13264696
03-04-2017 00:00,193.6,196.85,192.35,195.1,7198876
05-04-2017 00:00,198.2,199.2,194.2,194.4,10440883
06-04-2017 00:00,193.95,196.7,191.35,196.7,15667730
07-04-2017 00:00,193.5,197.6,192.35,193.7,14576273
10-04-2017 00:00,195.05,195.5,192.6,194.1,6929296
11-04-2017 00:00,196.45,197,192.6,195.1,9870105
12-04-2017 00:00,193,198,192.1,196.95,14253253
13-04-2017 00:00,183.25,192,182.45,192,20027226
17-04-2017 00:00,181.45,182.95,179.35,182.5,16069287
18-04-2017 00:00,183.8,190.35,183.2,183.7,22344207
19-04-2017 00:00,186,187.2,182.05,183.65,10062015
20-04-2017 00:00,186.45,188.6,184.9,186.95,9335160
21-04-2017 00:00,188.1,190.7,184.6,187.75,13683524
24-04-2017 00:00,190.8,191.7,187.1,188,8934000
25-04-2017 00:00,191.7,193.75,189.15,192.75,8090965
26-04-2017 00:00,197,198.45,192.6,192.6,13469283
27-04-2017 00:00,194.85,197.75,193.7,197.65,9453547
28-04-2017 00:00,199.35,203.7,192.25,193.85,17428449
02-05-2017 00:00,200.25,203.9,198.6,200.85,12542163
03-05-2017 00:00,197.05,201.9,196.45,201.1,7853965
04-05-2017 00:00,192.45,198.85,190.25,197.75,11224342
05-05-2017 00:00,185.8,192,183.4,192,19912601
08-05-2017 00:00,184.2,187.9,181.6,187.6,15591759
09-05-2017 00:00,186.4,188.6,183.1,184.55,11355111
10-05-2017 00:00,187.1,188.55,185.45,187,9459887
11-05-2017 00:00,193.65,195.8,192.05,193.35,23026210
12-05-2017 00:00,191.05,195.35,189.15,194.75,11231977
15-05-2017 00:00,198.45,199.9,191.9,191.95,18159344
16-05-2017 00:00,196.5,198.85,195.5,198.65,10068622
17-05-2017 00:00,198.85,200.35,196.1,196.1,10643485
18-05-2017 00:00,194,196.7,192.3,196,13959394
19-05-2017 00:00,191,196,186,195.95,11428477
22-05-2017 00:00,190.25,194.4,189.15,192.55,9699691
23-05-2017 00:00,192,195.25,184.55,190.6,13372515
24-05-2017 00:00,187.05,193.65,185.1,191.95,11130641
25-05-2017 00:00,190.55,192,185.85,188,9696039
26-05-2017 00:00,198.4,203.15,189.4,190.7,17803837
29-05-2017 00:00,201.25,204.9,197.25,198.3,12516450
30-05-2017 00:00,203.15,210.35,201.15,202.45,27444380
31-05-2017 00:00,200.7,208.25,200,203.95,26247788
01-06-2017 00:00,197.25,201.45,195.25,200.5,12262290
02-06-2017 00:00,197.05,200.2,194.65,198.3,8824329
05-06-2017 00:00,197.1,199.8,195.5,197,7725805
06-06-2017 00:00,195.45,198.15,194.8,197.05,6027099
07-06-2017 00:00,197.2,197.95,194.85,196.05,7822110
08-06-2017 00:00,198.45,200.7,197.1,197.2,7250812
09-06-2017 00:00,202.15,202.9,196.25,198.75,9077091
12-06-2017 00:00,200.6,204.3,198.7,201.15,7589316
13-06-2017 00:00,200.6,203.2,199.5,200.75,6458838
14-06-2017 00:00,200.15,201,196.15,200.6,8933791
15-06-2017 00:00,196.6,200.5,196.1,198.9,8424950
16-06-2017 00:00,195.25,197.7,194.9,196.6,6718837
19-06-2017 00:00,200.85,201.45,196,196.6,6775145
20-06-2017 00:00,202,202.9,199.4,201.95,7011446
21-06-2017 00:00,196.55,200.5,195.7,200.45,10786414
22-06-2017 00:00,191.6,198,191.1,197.55,9349289
23-06-2017 00:00,188.7,191.3,186.6,191.25,14335956
27-06-2017 00:00,187.75,189.9,185.1,189.4,6723293
28-06-2017 00:00,189.85,190.4,185.8,188,8184171
29-06-2017 00:00,192.2,193.6,191.4,192,7868064
30-06-2017 00:00,190.95,192.65,189.4,191.95,7522346
03-07-2017 00:00,196.65,197.8,191.2,191.2,13851222
04-07-2017 00:00,198.4,200.15,197.15,197.35,15943321
05-07-2017 00:00,198.8,200,197.25,198.65,6510422
06-07-2017 00:00,196.65,199.6,196.15,198.05,6864881
07-07-2017 00:00,194.9,197.9,194.55,195.3,7307585
10-07-2017 00:00,195.8,205.15,194,199,3395722
11-07-2017 00:00,200.65,202.3,195.25,195.5,15115931
12-07-2017 00:00,200.6,202.4,199.05,201.75,8329987
13-07-2017 00:00,204.7,205.6,197.7,201.6,11902359
14-07-2017 00:00,205.95,207.4,204,205.8,14793571
17-07-2017 00:00,209.15,209.5,206.15,206.15,9977809
18-07-2017 00:00,207.4,210.4,206.4,207.95,7529525
19-07-2017 00:00,213.45,213.9,207.4,207.5,13700281
20-07-2017 00:00,213.65,214.6,211.3,213.3,6600194
21-07-2017 00:00,214.55,215.6,208,213.4,9896744
24-07-2017 00:00,214.4,215.8,212.15,214.7,7911040
25-07-2017 00:00,220.2,220.9,213.25,215,10567887
26-07-2017 00:00,221.55,222.8,218.75,222,8253006
27-07-2017 00:00,221.25,223.75,219.45,221.75,8395336
28-07-2017 00:00,215.85,219.95,214,219.95,6034925
31-07-2017 00:00,219.65,220.85,215.5,216,5389040
01-08-2017 00:00,225.75,226.65,221.1,221.1,10837725
02-08-2017 00:00,228.2,228.9,222.55,225.6,6397948
03-08-2017 00:00,220.95,227.8,220.2,227.8,10254636
04-08-2017 00:00,225.25,225.9,218.35,218.35,5760887
07-08-2017 00:00,227.65,228.7,224.1,226.35,4951339
08-08-2017 00:00,234.9,244.9,232.3,233,24897407
09-08-2017 00:00,239.45,243.2,237.4,237.7,12844802
10-08-2017 00:00,238,244.8,234.75,239,10897284
11-08-2017 00:00,221,235,218,235,21126006
14-08-2017 00:00,229.15,231.7,223.1,223.1,10891996
16-08-2017 00:00,233.6,236.3,227.15,232.25,10236544
17-08-2017 00:00,230.3,239.5,227.8,236.5,10310147
18-08-2017 00:00,230.05,232.55,225.75,227,10750779
21-08-2017 00:00,224.9,236.5,223.95,233.8,7018024
22-08-2017 00:00,228.9,231.65,225.8,228,12201333
23-08-2017 00:00,230.9,231.5,225.85,230,7189281
24-08-2017 00:00,233,234.65,230.3,232,9492099
28-08-2017 00:00,233.55,235.5,231.8,234.2,5152003
29-08-2017 00:00,227.3,234.25,226.6,234,9095620
30-08-2017 00:00,236.35,237.7,230.15,230.85,12685001
31-08-2017 00:00,238,239.45,235.1,237.8,23200769
01-09-2017 00:00,243.75,245,238.05,239.25,9852014
04-09-2017 00:00,242.45,247,237.55,244.45,11283027
05-09-2017 00:00,241.9,244.35,240.2,243.2,3776840
06-09-2017 00:00,245.8,246.7,236,236,9688366
07-09-2017 00:00,249.95,251.25,245.65,247.5,11330389
08-09-2017 00:00,249.55,255.45,246.65,251.75,11886595
11-09-2017 00:00,250.05,252.5,246.6,251.45,6580356
12-09-2017 00:00,250.95,254.6,249.5,250.5,6812508
13-09-2017 00:00,248,251.7,246.35,250.25,4323093
14-09-2017 00:00,247.2,252,244.45,249.3,7307378
15-09-2017 00:00,247.8,249.7,241.4,245.05,8809971
18-09-2017 00:00,249.5,251.35,247.75,248.6,5570498
19-09-2017 00:00,246.5,250.4,245.6,250.4,4938461
20-09-2017 00:00,244.1,248.95,241.8,247.4,9917420
21-09-2017 00:00,244.55,245.8,236.3,245.5,9888709
22-09-2017 00:00,230.9,243.3,229.1,243.3,14454217
25-09-2017 00:00,229.1,232.5,223.3,231.4,9248669
26-09-2017 00:00,234.6,235.35,227.8,228.25,7602977
27-09-2017 00:00,233.65,235.2,230.7,234.75,6569514
28-09-2017 00:00,238.45,239.7,232.35,232.5,15196210
29-09-2017 00:00,240.6,242.65,238.6,241.3,9189997
03-10-2017 00:00,241.6,244.7,238.2,242.5,4986233
04-10-2017 00:00,241.9,243,240.3,242.05,3207388
05-10-2017 00:00,240.75,242.85,239.4,242,3698369
06-10-2017 00:00,250.9,252.15,241,241,9453802
09-10-2017 00:00,249.5,253.4,248.35,250.45,5744914
10-10-2017 00:00,252.05,253.5,248.1,250.5,8106676
11-10-2017 00:00,249.5,254.6,246.6,252.95,9799296
12-10-2017 00:00,264.45,265.4,249.7,250.25,30320448
13-10-2017 00:00,266.6,267.65,261.5,264.7,12276907
16-10-2017 00:00,271.4,272.9,267.5,268.45,14632858
17-10-2017 00:00,276.5,277.9,269.5,271.9,9929992
18-10-2017 00:00,275.3,278.45,273.2,277,9664157
19-10-2017 00:00,273.9,275.25,273.15,275,569539
23-10-2017 00:00,271.9,278.55,269.45,274.65,6263035
24-10-2017 00:00,268.85,275,267.5,269.6,9597374
25-10-2017 00:00,266.75,272.4,264.25,271.8,7240195
26-10-2017 00:00,272.9,275.3,268,269.25,8484342
27-10-2017 00:00,270.05,276.3,269.15,275.95,4587536
30-10-2017 00:00,273.2,275.8,270.45,270.55,4647384
31-10-2017 00:00,267.4,273.8,264.75,272.2,4764121
01-11-2017 00:00,275.3,276,267.6,269.5,9043536
02-11-2017 00:00,270.8,276,266.35,276,8317616
03-11-2017 05:30,268.9,277.6,265.6,276.4,14396735
06-11-2017 00:00,272.95,274.6,261,268.7,10582403
07-11-2017 00:00,266.9,274.9,264,273.85,8882930
08-11-2017 00:00,263.05,269.85,259.2,268.2,7922193
09-11-2017 00:00,263.3,267.95,259,267.1,7419140
10-11-2017 05:30,264.05,267.05,260.8,261.5,5272277
13-11-2017 00:00,260.9,265.25,258.8,264,5439255
14-11-2017 00:00,261,264.75,259.15,260.1,5575097
15-11-2017 00:00,251.85,259.7,248.4,259.5,9886735
16-11-2017 00:00,254.7,256.15,251.35,253.55,5264913
17-11-2017 00:00,258.85,263.2,256.75,256.75,5927180
20-11-2017 00:00,261.45,262.5,253.3,259,6377940
21-11-2017 00:00,261.45,265.1,259.25,262.6,3610061
22-11-2017 00:00,257.75,263.85,256.8,262.8,4497727
23-11-2017 00:00,255.25,258.65,250.05,257,9682203
24-11-2017 05:30,251.65,255.75,251,255.3,6186665
27-11-2017 00:00,249.65,253.6,247.2,250.9,7592581
28-11-2017 00:00,250.65,253,248,249.15,4692698
29-11-2017 00:00,246.9,251.95,246,250.9,5285364
30-11-2017 00:00,240.45,247.45,239.5,245.1,14998374
01-12-2017 05:30,235.35,241.35,233.55,240.5,7209250
04-12-2017 00:00,239.55,240.85,234.65,236.5,6457124
05-12-2017 00:00,240.05,241.7,235.7,238.85,6775195
06-12-2017 00:00,232.1,236.65,231.2,236.5,7402990
07-12-2017 00:00,237.2,238,229.4,232.5,7697931
08-12-2017 05:30,239.7,243.95,237.55,238.45,8857585
11-12-2017 00:00,238.1,240.85,236.05,240,6613622
12-12-2017 00:00,237.95,243.2,236.6,238.45,5268296
13-12-2017 00:00,234.45,239.9,233.55,235.65,7349390
14-12-2017 00:00,236.4,238,233.05,235.5,6618531
15-12-2017 05:30,242.75,243.95,239.1,240.85,6290840
18-12-2017 00:00,249.65,254.3,235.5,241,13833894
19-12-2017 00:00,254.3,254.9,250.6,252,5550113
20-12-2017 00:00,258.35,261,251.2,254.5,15519081
21-12-2017 00:00,263.3,264.65,259.65,260.9,13770746
22-12-2017 05:30,267.85,269.5,263.35,263.5,7760233
26-12-2017 00:00,268.65,270.5,266.5,268.8,4332214
27-12-2017 00:00,265.75,269.7,264.7,268.9,6351948
28-12-2017 00:00,275.25,278.8,267,267,22938436
29-12-2017 05:30,273.55,276.75,270.7,276.75,5007765
01-01-2018 00:00,271.15,277.9,270,273,4614411
02-01-2018 00:00,271.9,274.4,268.1,274.4,4546324
03-01-2018 00:00,276.5,279.35,273.1,273.4,7285874
04-01-2018 00:00,279.8,281.3,274.8,277.1,10346774
05-01-2018 05:30,276.4,284,275.1,282,7084973
08-01-2018 05:30,276.15,279.05,273.7,277,4157464
09-01-2018 00:00,271.5,277.55,270.65,277.55,5197857
10-01-2018 00:00,268.8,276.5,266.6,272.8,7472579
11-01-2018 00:00,267.75,271.15,266.8,268.8,6502699
12-01-2018 05:30,268.85,271.6,266.65,269,4435500
15-01-2018 00:00,266.7,274.65,265.8,270.2,6592272
16-01-2018 00:00,260.55,268,259.7,267.8,8447591
17-01-2018 00:00,262.75,265.25,256.45,260.3,11037340
18-01-2018 00:00,253.9,263.7,252.1,263.7,11341249
19-01-2018 00:00,258,259.35,252.2,254,5898314
22-01-2018 00:00,255.1,258.8,251.1,258,6230212
23-01-2018 00:00,264.95,270.7,256.1,256.1,17400430
24-01-2018 00:00,258.7,264.4,256.8,263.55,6409442
25-01-2018 00:00,258.95,266.85,256.4,259.3,15254979
29-01-2018 00:00,258.6,263.9,253.4,261.6,5990929
30-01-2018 00:00,253.55,258,252.55,257.75,5286436
31-01-2018 00:00,256.15,263.2,252,253.4,17514495
01-02-2018 00:00,256.25,259.5,248.75,257.8,8940788
02-02-2018 00:00,249.85,261.65,245.75,256.45,21737420
05-02-2018 00:00,246.6,249.4,240.25,242.5,8462501
06-02-2018 00:00,244.4,248.5,232.5,236,10473645
07-02-2018 00:00,246,253,244.1,245,13707458
08-02-2018 00:00,245.2,249.35,240.5,245.6,10180978
09-02-2018 00:00,243.5,245.5,237.35,240,7024965
12-02-2018 00:00,243.25,247.65,242,247,5557349
14-02-2018 00:00,243.25,246.55,241.75,246.3,7121280
15-02-2018 00:00,251.5,254.25,244,245.5,10053559
16-02-2018 00:00,247.65,256.95,246.4,255.5,7629453
19-02-2018 00:00,247.55,250.5,242.6,248.1,6056718
20-02-2018 00:00,248.8,252.4,246.8,247.8,4778807
21-02-2018 00:00,240.65,250.8,238.75,250.5,11901519
22-02-2018 00:00,239.9,241,233.85,238.5,13120748
23-02-2018 00:00,246.55,247.45,240.05,241.5,6908252
26-02-2018 00:00,246.2,251.45,244.6,246.55,6522004
27-02-2018 00:00,244.3,249.9,243.35,248.65,4805004
28-02-2018 00:00,245.4,246.65,238.65,240.75,8747792
01-03-2018 00:00,240.8,247,239,243.4,5767109
05-03-2018 00:00,229.6,236,228.2,236,12425050
06-03-2018 00:00,225.85,235.1,224.15,231,12488311
07-03-2018 00:00,224.45,225.3,219.1,222,13960066
08-03-2018 00:00,222.7,227.5,217.7,226.5,7733982
09-03-2018 00:00,220.2,226.15,219.35,224.7,13433660
12-03-2018 00:00,227.65,228.6,217.4,220.05,9531278
13-03-2018 00:00,226.15,227.95,222.5,225,9990633
14-03-2018 00:00,226.7,227.9,221.7,223.5,6385584
15-03-2018 00:00,224.9,227.1,223,226,6730350
16-03-2018 00:00,221.7,227.3,220.15,224,7793461
19-03-2018 00:00,214.55,223.9,212,222.7,6780348
20-03-2018 00:00,217.3,218.8,210.3,211,9600657
21-03-2018 00:00,214.7,219.85,213.3,219,8817896
22-03-2018 00:00,216.8,219.2,212.6,215.7,8362938
23-03-2018 00:00,206.1,210.7,204.3,209,12819120
26-03-2018 00:00,210.55,211.5,202.6,205.35,10187531
27-03-2018 00:00,218.5,219.3,210.15,212.9,15563344
28-03-2018 00:00,214.55,216.5,212.3,216.5,13861721
02-04-2018 00:00,211.25,216.8,210.1,216.55,8156843
03-04-2018 00:00,207.95,211.7,204.45,210,18145471
04-04-2018 00:00,200.8,210.1,200,208,17752702
05-04-2018 00:00,214.15,214.95,206.15,206.7,24201909
06-04-2018 00:00,214,215.95,210.05,210.05,15008286
09-04-2018 00:00,221.35,223.5,214.65,214.65,18411692
10-04-2018 00:00,230,232.85,228.5,230,27519382
11-04-2018 00:00,234.2,236.5,231.1,235,18802049
12-04-2018 00:00,232.6,235.6,231.05,233.95,11712671
13-04-2018 00:00,237.8,238.5,234.6,235,16774668
16-04-2018 00:00,239.45,240.7,235.55,237.2,9325515
17-04-2018 00:00,239.4,246.8,238,241.5,16417908
18-04-2018 00:00,242.8,244.75,236.05,239.7,23323232
19-04-2018 00:00,264.75,267.8,249.1,250,37033062
20-04-2018 00:00,262.1,263.5,254.25,255.95,23314520
23-04-2018 00:00,255.6,264.95,254.3,263,9559885
24-04-2018 00:00,236.75,239,231.1,239,35117665
25-04-2018 00:00,232.05,236.4,230.1,234.75,10496552
26-04-2018 00:00,234,238.7,231.45,233.25,16400986
27-04-2018 00:00,234.95,237.95,234,236.75,9169183
30-04-2018 00:00,235.65,238.35,232.35,236.2,5872046
02-05-2018 00:00,228.05,235.75,226.2,235,8849434
03-05-2018 00:00,231.55,234.5,227.6,229.05,10232446
04-05-2018 00:00,231.35,232.8,227.05,231.4,7889501
07-05-2018 00:00,237.85,239.15,232.4,234.25,7746284
08-05-2018 00:00,238.7,239.85,232.8,237.8,8701503
09-05-2018 00:00,238.15,248.35,236.85,241.3,18653553
10-05-2018 00:00,241.3,242.9,236.8,240.25,8435591
11-05-2018 00:00,242.7,243.3,238.6,242,6236509
14-05-2018 00:00,242.1,244.7,239.75,243.2,6801148
15-05-2018 00:00,243.9,248.25,239.7,241.4,7445308
16-05-2018 00:00,239.75,247.6,237,243.25,17297698
17-05-2018 00:00,233.05,240.8,228.6,240,17195201
18-05-2018 00:00,231.5,235.45,230.6,232.05,7332967
21-05-2018 00:00,228.25,234,224.35,232.25,8159685
22-05-2018 00:00,234.95,236.2,225.15,229,9261805
23-05-2018 00:00,229.95,234.9,228.8,234,8998284
24-05-2018 00:00,234.1,235.65,227.15,231,9274702
25-05-2018 00:00,245.5,247.25,234.55,235,15151718
28-05-2018 00:00,241.65,247.7,240.75,247,5898310
29-05-2018 00:00,242.5,244.9,239.4,240,6812212
30-05-2018 00:00,238.1,240.25,235.55,239.95,7818247
31-05-2018 00:00,234.2,239.9,233,239.3,8948198
01-06-2018 00:00,238.5,239.5,231.05,233.8,7341372
04-06-2018 00:00,241.6,242.85,237.7,240,8045521
05-06-2018 00:00,242.05,243.2,237.7,240.2,5490029
06-06-2018 00:00,248.1,249.55,241.5,242.5,6455908
07-06-2018 00:00,248.6,255.5,247.45,252,12822346
08-06-2018 00:00,242.15,247.15,240.55,245.65,6829526
11-06-2018 00:00,244.7,245.65,241.85,242.05,5187556
12-06-2018 00:00,240.65,245.9,238.7,244.7,4661081
13-06-2018 00:00,245,247.2,239.65,240.7,5976795
14-06-2018 00:00,244.75,249.5,243.3,245,6799990
15-06-2018 00:00,237.4,245.1,235.55,245,6786903
18-06-2018 00:00,231,235,229,235,6830177
19-06-2018 00:00,225.8,232.2,221.85,229,10126361
20-06-2018 00:00,226.2,229.75,224.05,226,7229700
21-06-2018 00:00,222.3,228.3,221.5,228.3,6019694
22-06-2018 00:00,222,222.75,218.7,222.05,9807671
25-06-2018 00:00,218.4,227.25,217.8,221.05,9318246
26-06-2018 00:00,222.95,223.7,216.8,218.5,8483133
27-06-2018 00:00,217.9,223.7,216.9,223.25,6888151
28-06-2018 00:00,221.05,222.6,216.15,218,10398473
29-06-2018 00:00,230.5,232,221.55,222.8,10441528
02-07-2018 00:00,223.25,231.1,218.85,231,9159214
03-07-2018 00:00,226.1,227.45,220.7,223.5,8001296
04-07-2018 00:00,224.1,225.8,220.1,225.8,5246876
05-07-2018 00:00,220.3,223.9,219.3,223.8,4773707
06-07-2018 00:00,220.45,226.35,214.55,219.4,8822679
09-07-2018 00:00,222.05,225.85,221.5,223,5167643
10-07-2018 00:00,229.05,230.05,224.05,224.25,11551274
11-07-2018 00:00,220.8,226.85,219.8,226.85,9759711
12-07-2018 00:00,220.3,225.9,219.65,221,8962227
13-07-2018 00:00,218.75,222.9,216.6,222.9,5814556
16-07-2018 00:00,213.05,220.5,212.4,218,6440638
17-07-2018 00:00,219.5,221.25,208.05,211,8643253
18-07-2018 00:00,212.4,221.45,210.5,220.9,7509081
19-07-2018 00:00,197.6,214.4,194.5,214,33211007
20-07-2018 00:00,195.65,202.2,193.6,200.35,22835887
23-07-2018 00:00,196.15,198.45,192.35,196.1,13363743
24-07-2018 00:00,207.6,210,196.15,197,18526745
25-07-2018 00:00,209,213.3,207.5,209.7,15344017
26-07-2018 00:00,206.55,210.5,201.7,210.5,13565234
27-07-2018 00:00,213.4,220.8,212,212.75,30005793
30-07-2018 00:00,211.25,216.45,209.45,214,9030681
31-07-2018 00:00,213.4,214.95,207.7,211,11169360
01-08-2018 00:00,208,214.9,206.35,214.5,11173257
02-08-2018 00:00,207.9,210.75,203.25,206,12829967
03-08-2018 00:00,211.6,212.7,204.5,208.05,16743513
06-08-2018 00:00,216.1,216.8,210.3,212.6,10375458
07-08-2018 00:00,219,222.55,214.6,218.8,20854265
08-08-2018 00:00,220.6,224.9,219.4,223,20806040
09-08-2018 00:00,227.45,228.2,222.7,224,15345515
10-08-2018 00:00,222.7,228.8,220.2,228.75,13147995
13-08-2018 00:00,221.65,223.6,217.65,220.95,9996307
14-08-2018 00:00,221.45,223.95,220.25,221.05,7631497
16-08-2018 00:00,216.1,218.3,213.5,217.6,8129284
17-08-2018 00:00,219.7,221.2,217.6,218.55,5232908
20-08-2018 00:00,226.65,227,220.4,221,7597426
21-08-2018 00:00,226.4,228.15,224.2,227.95,6115262
23-08-2018 00:00,221.05,226.95,219.1,226.5,6182708
24-08-2018 00:00,222.1,223.35,216.65,219.05,9112060
27-08-2018 00:00,230.25,231,224.9,226.2,13523673
28-08-2018 00:00,239,240,231.6,233.65,18891748
29-08-2018 00:00,236.85,243,236.1,239,12141850
30-08-2018 00:00,240.25,241.6,235.7,238.6,9911302
31-08-2018 00:00,237.95,240.7,236.35,240,7187784
03-09-2018 00:00,239.4,242.85,236.6,237.5,8308169
04-09-2018 00:00,235.1,239.85,232.6,239.4,5836458
05-09-2018 00:00,239.95,240.9,231.3,233.1,11428802
06-09-2018 00:00,235.4,240.4,234.3,239.1,7398756
07-09-2018 00:00,242.55,246.25,234.25,237,11021703
10-09-2018 00:00,235.7,243.9,234.85,242,6103496
11-09-2018 00:00,231.6,240.8,228.75,236.8,12646049
12-09-2018 00:00,237.9,238.7,227.6,233.4,8896676
14-09-2018 00:00,245.45,249.05,240.35,240.35,15742465
17-09-2018 00:00,241.35,245.65,240.5,244,9898386
18-09-2018 00:00,234.15,243.2,233.5,242.4,6825203
19-09-2018 00:00,235.65,240.45,233.55,236.7,9799989
21-09-2018 00:00,240.4,242.45,224,237.3,17636361
24-09-2018 00:00,239.9,245.35,236.5,240.6,8991121
25-09-2018 00:00,243.05,244.8,234.8,240.05,7847876
26-09-2018 00:00,247.95,250.35,241.4,246,11935712
27-09-2018 00:00,243.9,250.8,242.8,248.75,11385152
28-09-2018 00:00,229.65,246.5,227,244.8,11588117
01-10-2018 00:00,242.9,244.1,225,229.1,12577302
03-10-2018 00:00,253.75,256.25,239.3,241.7,16541649
04-10-2018 00:00,251.85,259.75,249.5,252,17158063
05-10-2018 00:00,241.05,249.65,238.75,247.25,13862891
08-10-2018 00:00,222.55,236.9,210.7,235,25198149
09-10-2018 00:00,224.25,228.3,218.85,222.5,10656797
10-10-2018 00:00,226.9,228.2,222.5,225,8303201
11-10-2018 00:00,216.5,221.6,211.1,216.9,15964574
12-10-2018 00:00,226.7,228.15,218,218,7263391
15-10-2018 00:00,231.75,232.85,224.4,229,7695758
16-10-2018 00:00,230.55,232.8,228.2,231.9,10252207
17-10-2018 00:00,227.75,233.85,223.7,233.2,7065573
19-10-2018 00:00,227,230.75,222.55,224.9,5283114
22-10-2018 00:00,224,230.6,221.35,230.55,6460230
23-10-2018 00:00,219.5,226.9,216.4,221.9,6752747
24-10-2018 00:00,229.85,231.9,222.1,222.9,10435431
25-10-2018 00:00,222.35,228,219.4,227.3,7334578
26-10-2018 00:00,221.25,223.9,212.4,223.05,12234401
29-10-2018 00:00,224.15,225.8,217.15,221,10915002
30-10-2018 00:00,223.9,228.75,222.2,228,6568207
31-10-2018 00:00,220.4,224.35,216.2,224,9699183
01-11-2018 00:00,231.25,232.7,221.3,222.6,9524000
02-11-2018 00:00,240.45,244.7,231.35,235,19429972
05-11-2018 00:00,242.35,245.3,238.5,241,7753905
06-11-2018 00:00,242.6,244.35,238.4,242.95,5174397
07-11-2018 00:00,244.05,245.1,243,244,784393
09-11-2018 00:00,238.8,244,237.2,244,8125041
12-11-2018 00:00,229.25,240,228.3,238.4,9063022
13-11-2018 00:00,231.55,232.4,224.55,228.4,10009305
14-11-2018 00:00,229.5,233.4,228.3,232.75,6327199
15-11-2018 00:00,233.6,234.8,225.3,229.5,8640440
16-11-2018 00:00,229.95,235.45,228.5,232.6,5455625
19-11-2018 00:00,234.45,237.4,230.4,231.1,7276409
20-11-2018 00:00,221.95,233.85,220.4,233.85,14761307
21-11-2018 00:00,223.15,225.15,217.2,220.6,13704110
22-11-2018 00:00,218.1,225.3,216.5,224,9708087
26-11-2018 00:00,218.8,220.15,213.75,219.1,6781682
27-11-2018 00:00,219.9,223,213.25,217,11504462
28-11-2018 00:00,216.05,222.3,214.5,220,8117964
29-11-2018 00:00,224.5,226.85,218.6,218.6,12444802
30-11-2018 00:00,226.2,227.4,220.7,224.45,9378800
03-12-2018 00:00,233.05,237.9,231.8,232.5,10802517
04-12-2018 00:00,233.35,235.5,228.8,230.7,9408047
05-12-2018 00:00,221.35,230.4,220.3,229.05,12875627
06-12-2018 00:00,217.9,221.6,214.3,219.3,13399767
07-12-2018 00:00,218.8,221.4,216.55,219.7,6694888
10-12-2018 00:00,217.9,220.25,211.45,212.4,9520082
11-12-2018 00:00,216.25,218.45,214,215,7211664
12-12-2018 00:00,221.3,222.9,217,218,7166872
13-12-2018 00:00,220.3,224.45,218.5,224.45,6889863
14-12-2018 00:00,220.15,222.85,217.3,219.5,5749881
17-12-2018 00:00,225.45,225.95,221.6,221.7,5693529
18-12-2018 00:00,225.25,227,222.6,224,5915969
19-12-2018 00:00,227.15,228.3,225,225.55,5429082
20-12-2018 00:00,223.9,225,219.75,222.8,8411639
21-12-2018 00:00,224,227.45,221.8,224.25,6933691
24-12-2018 00:00,217.85,224,216.95,224,4667022
26-12-2018 00:00,218.6,219.8,212.9,213.85,6554865
27-12-2018 00:00,220.6,223.9,219.6,221.4,7947144
28-12-2018 00:00,223.5,226.05,221,221,5074920
